{"params": {"C": 396.94698753079473, "gamma": 0.05422243109912615, "n_components": 1048}, "recall": 0.8627450980392156}
{"params": {"C": 400.7935817191417, "gamma": 0.028092305159489246, "n_components": 1288}, "recall": 0.9078}
{"params": {"C": 483.0542986774128, "gamma": 0.025566018010021885, "n_components": 1086}, "recall": 0.8666666666666668}
